mb_size:128,h_dim_shared:100,h_dim_CS:300,num_layers_shared:5,num_layers_CS:3,active_fn:elu,beta:1.0,0.6483020669313455, 0.7123124632023933
mb_size:64,h_dim_shared:50,h_dim_CS:200,num_layers_shared:2,num_layers_CS:3,active_fn:tanh,beta:5.0,0.6531185648745476, 0.6996386366782436
mb_size:32,h_dim_shared:50,h_dim_CS:300,num_layers_shared:2,num_layers_CS:2,active_fn:tanh,beta:5.0,0.6577996942383201, 0.7416220188718362
mb_size:64,h_dim_shared:50,h_dim_CS:50,num_layers_shared:5,num_layers_CS:5,active_fn:relu,beta:0.1,0.707866631183684, 0.8450561107747436
mb_size:128,h_dim_shared:100,h_dim_CS:100,num_layers_shared:3,num_layers_CS:3,active_fn:tanh,beta:0.0,0.6657477935084172, 0.8847408289208144
mb_size:32,h_dim_shared:50,h_dim_CS:50,num_layers_shared:2,num_layers_CS:1,active_fn:tanh,beta:5.0,0.651425175126616, 0.7620465669169872
mb_size:128,h_dim_shared:300,h_dim_CS:50,num_layers_shared:3,num_layers_CS:1,active_fn:tanh,beta:1.0,0.7116681811526014, 0.7223258979380667
mb_size:32,h_dim_shared:50,h_dim_CS:50,num_layers_shared:3,num_layers_CS:1,active_fn:elu,beta:0.1,0.6432707869870421, 0.8088772973563577
mb_size:128,h_dim_shared:50,h_dim_CS:100,num_layers_shared:1,num_layers_CS:1,active_fn:elu,beta:0.0,0.7383316528191347, 0.8806944446154775
mb_size:128,h_dim_shared:200,h_dim_CS:300,num_layers_shared:2,num_layers_CS:1,active_fn:tanh,beta:0.0,0.7345179026625163, 0.8816519700952287
mb_size:128,h_dim_shared:300,h_dim_CS:200,num_layers_shared:1,num_layers_CS:2,active_fn:tanh,beta:0.5,0.6132966876167378, 0.7405621899663593
mb_size:128,h_dim_shared:300,h_dim_CS:200,num_layers_shared:1,num_layers_CS:5,active_fn:tanh,beta:1.0,0.6930938105607849, 0.8452827643236439
mb_size:32,h_dim_shared:100,h_dim_CS:100,num_layers_shared:3,num_layers_CS:5,active_fn:relu,beta:1.0,0.6973921079979055, 0.7699816669127887
mb_size:64,h_dim_shared:50,h_dim_CS:200,num_layers_shared:5,num_layers_CS:5,active_fn:elu,beta:0.5,0.6160382008251463, 0.7354194420563783
mb_size:32,h_dim_shared:200,h_dim_CS:200,num_layers_shared:1,num_layers_CS:3,active_fn:tanh,beta:3.0,0.6739763813298426, 0.8385770612558879
mb_size:64,h_dim_shared:300,h_dim_CS:50,num_layers_shared:5,num_layers_CS:3,active_fn:relu,beta:5.0,0.6614916018314725, 0.741805631865724
mb_size:128,h_dim_shared:300,h_dim_CS:200,num_layers_shared:2,num_layers_CS:3,active_fn:relu,beta:1.0,0.6725956275896351, 0.7804007679577211
mb_size:64,h_dim_shared:200,h_dim_CS:200,num_layers_shared:3,num_layers_CS:2,active_fn:tanh,beta:1.0,0.6564876708631503, 0.8965080828952976
mb_size:64,h_dim_shared:200,h_dim_CS:300,num_layers_shared:1,num_layers_CS:5,active_fn:relu,beta:0.1,0.6648520361996764, 0.7851237556900429
mb_size:64,h_dim_shared:300,h_dim_CS:200,num_layers_shared:5,num_layers_CS:3,active_fn:tanh,beta:0.1,0.6433577129498279, 0.88654712080347
mb_size:64,h_dim_shared:300,h_dim_CS:200,num_layers_shared:2,num_layers_CS:3,active_fn:relu,beta:3.0,0.7057695981584066, 0.7266791587029099
mb_size:64,h_dim_shared:200,h_dim_CS:200,num_layers_shared:1,num_layers_CS:5,active_fn:elu,beta:1.0,0.6567208541616857, 0.8414246325357562
mb_size:32,h_dim_shared:50,h_dim_CS:300,num_layers_shared:2,num_layers_CS:3,active_fn:relu,beta:0.5,0.7254116114410549, 0.7838073398817974
mb_size:32,h_dim_shared:100,h_dim_CS:50,num_layers_shared:1,num_layers_CS:5,active_fn:relu,beta:3.0,0.7309102569058478, 0.7339169326872388
mb_size:128,h_dim_shared:200,h_dim_CS:50,num_layers_shared:3,num_layers_CS:5,active_fn:tanh,beta:0.1,0.6541762502351296, 0.9065104557249049
mb_size:32,h_dim_shared:300,h_dim_CS:300,num_layers_shared:3,num_layers_CS:1,active_fn:relu,beta:0.1,0.7197162194059229, 0.8560060716492175
mb_size:32,h_dim_shared:100,h_dim_CS:100,num_layers_shared:1,num_layers_CS:2,active_fn:elu,beta:0.1,0.6954043167874543, 0.8907803631441654
mb_size:128,h_dim_shared:300,h_dim_CS:200,num_layers_shared:1,num_layers_CS:1,active_fn:relu,beta:0.0,0.7582473610784533, 0.8851332583837298
mb_size:64,h_dim_shared:200,h_dim_CS:200,num_layers_shared:2,num_layers_CS:5,active_fn:tanh,beta:3.0,0.6272823085690353, 0.7174353230172574
mb_size:128,h_dim_shared:100,h_dim_CS:100,num_layers_shared:2,num_layers_CS:3,active_fn:tanh,beta:0.5,0.6612830730376918, 0.9118942852620516
mb_size:32,h_dim_shared:100,h_dim_CS:100,num_layers_shared:3,num_layers_CS:3,active_fn:relu,beta:5.0,0.6823741747869924, 0.7780449471284211
mb_size:128,h_dim_shared:100,h_dim_CS:100,num_layers_shared:1,num_layers_CS:1,active_fn:tanh,beta:1.0,0.6662357900864019, 0.7673295319675817
mb_size:128,h_dim_shared:100,h_dim_CS:50,num_layers_shared:2,num_layers_CS:2,active_fn:tanh,beta:1.0,0.6217126270003486, 0.7176402297137222
mb_size:128,h_dim_shared:50,h_dim_CS:200,num_layers_shared:2,num_layers_CS:3,active_fn:elu,beta:1.0,0.6110857276331801, 0.7184981445170227
mb_size:32,h_dim_shared:50,h_dim_CS:100,num_layers_shared:3,num_layers_CS:5,active_fn:tanh,beta:1.0,0.6548759506156258, 0.8132611849929591
mb_size:64,h_dim_shared:50,h_dim_CS:200,num_layers_shared:2,num_layers_CS:1,active_fn:elu,beta:5.0,0.6453279455803725, 0.7226137249298108
mb_size:64,h_dim_shared:50,h_dim_CS:200,num_layers_shared:3,num_layers_CS:2,active_fn:relu,beta:0.5,0.6789103757644278, 0.8256700998466001
mb_size:128,h_dim_shared:50,h_dim_CS:100,num_layers_shared:5,num_layers_CS:5,active_fn:relu,beta:5.0,0.7069379395619634, 0.7368659297972161
mb_size:32,h_dim_shared:300,h_dim_CS:50,num_layers_shared:5,num_layers_CS:1,active_fn:relu,beta:0.5,0.7372014519144892, 0.8013457213093306
mb_size:32,h_dim_shared:50,h_dim_CS:50,num_layers_shared:2,num_layers_CS:3,active_fn:elu,beta:1.0,0.651178181549954, 0.7733581208454834
mb_size:64,h_dim_shared:200,h_dim_CS:300,num_layers_shared:1,num_layers_CS:2,active_fn:elu,beta:1.0,0.668898628080342, 0.8523874009931706
mb_size:32,h_dim_shared:300,h_dim_CS:50,num_layers_shared:1,num_layers_CS:2,active_fn:elu,beta:0.0,0.670126484041922, 0.8453787494059402
mb_size:128,h_dim_shared:200,h_dim_CS:100,num_layers_shared:5,num_layers_CS:1,active_fn:tanh,beta:5.0,0.6048935016695948, 0.7343370450371607
mb_size:128,h_dim_shared:300,h_dim_CS:50,num_layers_shared:5,num_layers_CS:5,active_fn:relu,beta:1.0,0.7445516446991535, 0.7271917773349017
mb_size:64,h_dim_shared:300,h_dim_CS:50,num_layers_shared:5,num_layers_CS:3,active_fn:tanh,beta:3.0,0.5946833209153356, 0.7430552230884483
mb_size:32,h_dim_shared:300,h_dim_CS:200,num_layers_shared:3,num_layers_CS:1,active_fn:tanh,beta:0.1,0.6702989454897123, 0.9068599574657167
mb_size:64,h_dim_shared:50,h_dim_CS:300,num_layers_shared:5,num_layers_CS:5,active_fn:elu,beta:3.0,0.5543409546005419, 0.7266887248183119
mb_size:128,h_dim_shared:300,h_dim_CS:100,num_layers_shared:5,num_layers_CS:5,active_fn:elu,beta:5.0,0.6618614619643594, 0.8503333149214857
mb_size:128,h_dim_shared:200,h_dim_CS:200,num_layers_shared:1,num_layers_CS:2,active_fn:elu,beta:5.0,0.6663512955527612, 0.7012008225782543
mb_size:64,h_dim_shared:100,h_dim_CS:50,num_layers_shared:5,num_layers_CS:5,active_fn:relu,beta:1.0,0.6630954259617348, 0.7541703944524153
mb_size:32,h_dim_shared:50,h_dim_CS:100,num_layers_shared:2,num_layers_CS:5,active_fn:elu,beta:5.0,0.6258662752389789, 0.7531198540157895
mb_size:64,h_dim_shared:300,h_dim_CS:100,num_layers_shared:5,num_layers_CS:3,active_fn:tanh,beta:1.0,0.6191401516911758, 0.720260431609082
mb_size:32,h_dim_shared:200,h_dim_CS:200,num_layers_shared:2,num_layers_CS:3,active_fn:elu,beta:1.0,0.6765264812138909, 0.8498066653868145
mb_size:128,h_dim_shared:50,h_dim_CS:100,num_layers_shared:3,num_layers_CS:3,active_fn:relu,beta:3.0,0.7425599372290167, 0.7385548764203432
mb_size:128,h_dim_shared:200,h_dim_CS:300,num_layers_shared:2,num_layers_CS:3,active_fn:elu,beta:0.0,0.7379348212793332, 0.8400264699162502
mb_size:128,h_dim_shared:100,h_dim_CS:100,num_layers_shared:5,num_layers_CS:1,active_fn:relu,beta:1.0,0.6495581998185307, 0.7616672029799748
mb_size:32,h_dim_shared:300,h_dim_CS:200,num_layers_shared:1,num_layers_CS:3,active_fn:tanh,beta:0.1,0.695100577082719, 0.8718310740241478
mb_size:32,h_dim_shared:50,h_dim_CS:50,num_layers_shared:1,num_layers_CS:3,active_fn:elu,beta:5.0,0.6542626639906866, 0.7360737480425534
mb_size:64,h_dim_shared:100,h_dim_CS:300,num_layers_shared:1,num_layers_CS:5,active_fn:tanh,beta:0.5,0.6656755069055164, 0.9060444954536777
mb_size:64,h_dim_shared:200,h_dim_CS:300,num_layers_shared:1,num_layers_CS:3,active_fn:elu,beta:0.1,0.6735835745257824, 0.8744386880916791
mb_size:32,h_dim_shared:200,h_dim_CS:50,num_layers_shared:5,num_layers_CS:1,active_fn:elu,beta:0.0,0.6475215880141167, 0.7974673139171115
mb_size:32,h_dim_shared:200,h_dim_CS:100,num_layers_shared:2,num_layers_CS:1,active_fn:relu,beta:0.1,0.6649570877561247, 0.8624401684202051
mb_size:128,h_dim_shared:100,h_dim_CS:200,num_layers_shared:3,num_layers_CS:5,active_fn:tanh,beta:1.0,0.6109253968903693, 0.7140072759578556
mb_size:64,h_dim_shared:300,h_dim_CS:50,num_layers_shared:1,num_layers_CS:2,active_fn:elu,beta:0.5,0.6757502425154757, 0.7566488480645711
mb_size:64,h_dim_shared:200,h_dim_CS:100,num_layers_shared:1,num_layers_CS:5,active_fn:elu,beta:1.0,0.6773692680826356, 0.84431996170259
mb_size:32,h_dim_shared:200,h_dim_CS:300,num_layers_shared:2,num_layers_CS:1,active_fn:tanh,beta:0.5,0.6813721129790924, 0.8963123757491166
mb_size:32,h_dim_shared:50,h_dim_CS:200,num_layers_shared:3,num_layers_CS:5,active_fn:relu,beta:5.0,0.6916605928021252, 0.8135220262780996
mb_size:64,h_dim_shared:200,h_dim_CS:100,num_layers_shared:3,num_layers_CS:5,active_fn:elu,beta:5.0,0.6609426030434741, 0.7754054176190252
mb_size:32,h_dim_shared:50,h_dim_CS:100,num_layers_shared:1,num_layers_CS:3,active_fn:relu,beta:1.0,0.6860619235710547, 0.7709132297105828
mb_size:128,h_dim_shared:300,h_dim_CS:300,num_layers_shared:5,num_layers_CS:2,active_fn:elu,beta:3.0,0.6065661979754706, 0.708185902930607
mb_size:64,h_dim_shared:50,h_dim_CS:200,num_layers_shared:3,num_layers_CS:2,active_fn:tanh,beta:5.0,0.6657468339871006, 0.6962562203024181
mb_size:128,h_dim_shared:100,h_dim_CS:50,num_layers_shared:1,num_layers_CS:3,active_fn:relu,beta:0.5,0.7619570470292419, 0.7704680952249446
mb_size:32,h_dim_shared:300,h_dim_CS:200,num_layers_shared:1,num_layers_CS:5,active_fn:relu,beta:5.0,0.7155060609936763, 0.7480893467217751
mb_size:64,h_dim_shared:100,h_dim_CS:50,num_layers_shared:5,num_layers_CS:2,active_fn:relu,beta:1.0,0.7281809183315461, 0.7720601805709609
mb_size:64,h_dim_shared:50,h_dim_CS:300,num_layers_shared:2,num_layers_CS:3,active_fn:tanh,beta:1.0,0.6357804918761382, 0.772882647232025
mb_size:32,h_dim_shared:50,h_dim_CS:50,num_layers_shared:2,num_layers_CS:5,active_fn:tanh,beta:1.0,0.6018918972549202, 0.7380355322504054
mb_size:64,h_dim_shared:200,h_dim_CS:200,num_layers_shared:1,num_layers_CS:1,active_fn:tanh,beta:5.0,0.6737813793655184, 0.7108787598945744
mb_size:64,h_dim_shared:100,h_dim_CS:300,num_layers_shared:5,num_layers_CS:3,active_fn:relu,beta:1.0,0.6818760049314511, 0.7423897453336122
mb_size:128,h_dim_shared:200,h_dim_CS:100,num_layers_shared:1,num_layers_CS:3,active_fn:elu,beta:5.0,0.6531625092651315, 0.7167570794553016
mb_size:64,h_dim_shared:300,h_dim_CS:50,num_layers_shared:5,num_layers_CS:3,active_fn:tanh,beta:5.0,0.6727272131103263, 0.7505986848576538
mb_size:32,h_dim_shared:200,h_dim_CS:100,num_layers_shared:1,num_layers_CS:5,active_fn:relu,beta:0.1,0.7220487991574536, 0.7798901204997052
mb_size:32,h_dim_shared:100,h_dim_CS:100,num_layers_shared:3,num_layers_CS:5,active_fn:elu,beta:0.5,0.7014551220575052, 0.7321052203852721
mb_size:128,h_dim_shared:100,h_dim_CS:50,num_layers_shared:2,num_layers_CS:3,active_fn:tanh,beta:5.0,0.659317603499819, 0.6607714963004108
mb_size:64,h_dim_shared:200,h_dim_CS:100,num_layers_shared:3,num_layers_CS:5,active_fn:relu,beta:0.0,0.6910975200371784, 0.7781527963390055
mb_size:128,h_dim_shared:300,h_dim_CS:100,num_layers_shared:5,num_layers_CS:2,active_fn:relu,beta:0.0,0.7362445775400418, 0.8009961254095505
mb_size:64,h_dim_shared:50,h_dim_CS:300,num_layers_shared:1,num_layers_CS:3,active_fn:elu,beta:1.0,0.6458677858572135, 0.717877513531286
mb_size:32,h_dim_shared:100,h_dim_CS:100,num_layers_shared:5,num_layers_CS:1,active_fn:tanh,beta:0.5,0.6196987498970744, 0.7840885749353181
mb_size:32,h_dim_shared:200,h_dim_CS:200,num_layers_shared:2,num_layers_CS:1,active_fn:tanh,beta:0.1,0.6730377066487487, 0.8978568778346633
mb_size:64,h_dim_shared:50,h_dim_CS:50,num_layers_shared:5,num_layers_CS:5,active_fn:elu,beta:0.5,0.6920197309845945, 0.7463634918721839
mb_size:128,h_dim_shared:100,h_dim_CS:300,num_layers_shared:2,num_layers_CS:2,active_fn:relu,beta:0.5,0.6631643079408983, 0.8317422883675406
mb_size:32,h_dim_shared:100,h_dim_CS:300,num_layers_shared:1,num_layers_CS:2,active_fn:elu,beta:0.1,0.7471510297411464, 0.8945386652467265
mb_size:32,h_dim_shared:300,h_dim_CS:100,num_layers_shared:2,num_layers_CS:2,active_fn:relu,beta:1.0,0.6435955651371253, 0.7909972721909551
mb_size:32,h_dim_shared:100,h_dim_CS:200,num_layers_shared:2,num_layers_CS:2,active_fn:elu,beta:0.5,0.6305855067947198, 0.7414046093799409
mb_size:64,h_dim_shared:200,h_dim_CS:200,num_layers_shared:2,num_layers_CS:2,active_fn:elu,beta:0.5,0.6438203691628341, 0.7865290693793415
mb_size:128,h_dim_shared:200,h_dim_CS:300,num_layers_shared:1,num_layers_CS:2,active_fn:relu,beta:3.0,0.6887814994387136, 0.7449526559001839
mb_size:64,h_dim_shared:50,h_dim_CS:50,num_layers_shared:2,num_layers_CS:5,active_fn:tanh,beta:0.0,0.6450019235509433, 0.841814959648957
mb_size:32,h_dim_shared:50,h_dim_CS:200,num_layers_shared:2,num_layers_CS:3,active_fn:tanh,beta:0.1,0.7090387204145631, 0.8932186446853265
mb_size:128,h_dim_shared:50,h_dim_CS:300,num_layers_shared:2,num_layers_CS:2,active_fn:tanh,beta:1.0,0.6295770340920502, 0.7805551319084735
mb_size:128,h_dim_shared:200,h_dim_CS:300,num_layers_shared:3,num_layers_CS:1,active_fn:relu,beta:1.0,0.6857854311323974, 0.818085987291675
mb_size:32,h_dim_shared:100,h_dim_CS:50,num_layers_shared:5,num_layers_CS:1,active_fn:relu,beta:3.0,0.6564913669547916, 0.8771158721797683
mb_size:32,h_dim_shared:300,h_dim_CS:300,num_layers_shared:3,num_layers_CS:5,active_fn:elu,beta:3.0,0.6516786382361318, 0.7565389531246977
mb_size:32,h_dim_shared:300,h_dim_CS:100,num_layers_shared:1,num_layers_CS:5,active_fn:tanh,beta:5.0,0.6364236300271428, 0.71006254906049
mb_size:64,h_dim_shared:300,h_dim_CS:300,num_layers_shared:3,num_layers_CS:2,active_fn:tanh,beta:0.5,0.6418968586636743, 0.7233719177159014
mb_size:32,h_dim_shared:200,h_dim_CS:200,num_layers_shared:3,num_layers_CS:1,active_fn:tanh,beta:5.0,0.6648730017504257, 0.6930841717905789
mb_size:32,h_dim_shared:300,h_dim_CS:50,num_layers_shared:2,num_layers_CS:1,active_fn:relu,beta:1.0,0.6850341415723307, 0.8569125619392893
mb_size:64,h_dim_shared:50,h_dim_CS:200,num_layers_shared:3,num_layers_CS:5,active_fn:tanh,beta:1.0,0.6187579619821532, 0.7121933680617575
mb_size:128,h_dim_shared:50,h_dim_CS:200,num_layers_shared:3,num_layers_CS:3,active_fn:elu,beta:1.0,0.6421705516893379, 0.8319060239111975
mb_size:128,h_dim_shared:300,h_dim_CS:300,num_layers_shared:1,num_layers_CS:1,active_fn:elu,beta:0.5,0.6615850917978657, 0.843744156962412
mb_size:64,h_dim_shared:300,h_dim_CS:200,num_layers_shared:3,num_layers_CS:3,active_fn:relu,beta:1.0,0.6762465376619747, 0.8442058379049809
mb_size:64,h_dim_shared:300,h_dim_CS:50,num_layers_shared:2,num_layers_CS:3,active_fn:relu,beta:1.0,0.690361616622118, 0.7252243352285914
mb_size:32,h_dim_shared:50,h_dim_CS:200,num_layers_shared:2,num_layers_CS:5,active_fn:elu,beta:1.0,0.6248263654437495, 0.7307643757784684
mb_size:64,h_dim_shared:300,h_dim_CS:200,num_layers_shared:5,num_layers_CS:5,active_fn:relu,beta:0.5,0.6982746296196313, 0.7750826026729761
mb_size:128,h_dim_shared:100,h_dim_CS:200,num_layers_shared:3,num_layers_CS:1,active_fn:tanh,beta:0.0,0.7254985764743278, 0.872026258832974
mb_size:64,h_dim_shared:200,h_dim_CS:300,num_layers_shared:2,num_layers_CS:5,active_fn:relu,beta:0.1,0.6862025360068836, 0.8078479300355038
mb_size:32,h_dim_shared:300,h_dim_CS:200,num_layers_shared:2,num_layers_CS:2,active_fn:relu,beta:0.1,0.7307188247959914, 0.8467985281692877
mb_size:128,h_dim_shared:50,h_dim_CS:300,num_layers_shared:2,num_layers_CS:2,active_fn:tanh,beta:5.0,0.6296447486419373, 0.7253945048274222
mb_size:128,h_dim_shared:200,h_dim_CS:300,num_layers_shared:2,num_layers_CS:5,active_fn:elu,beta:0.0,0.6934255857910964, 0.8009079572335348
mb_size:32,h_dim_shared:50,h_dim_CS:50,num_layers_shared:5,num_layers_CS:5,active_fn:elu,beta:0.0,0.632119596774449, 0.7950323246811015
mb_size:64,h_dim_shared:100,h_dim_CS:100,num_layers_shared:5,num_layers_CS:3,active_fn:elu,beta:0.5,0.6678317061471996, 0.8843067226324197
mb_size:128,h_dim_shared:50,h_dim_CS:50,num_layers_shared:3,num_layers_CS:5,active_fn:tanh,beta:5.0,0.6889769541778991, 0.6957432620625571
mb_size:64,h_dim_shared:300,h_dim_CS:200,num_layers_shared:3,num_layers_CS:1,active_fn:tanh,beta:5.0,0.7047056980982962, 0.7815543220777714
mb_size:128,h_dim_shared:50,h_dim_CS:300,num_layers_shared:3,num_layers_CS:2,active_fn:elu,beta:5.0,0.5963710765829154, 0.7084809588975695
mb_size:32,h_dim_shared:300,h_dim_CS:300,num_layers_shared:1,num_layers_CS:1,active_fn:relu,beta:1.0,0.7008192544310389, 0.8724770028042664
mb_size:64,h_dim_shared:200,h_dim_CS:100,num_layers_shared:1,num_layers_CS:2,active_fn:tanh,beta:1.0,0.6398757532919531, 0.7101885785389488
mb_size:128,h_dim_shared:200,h_dim_CS:300,num_layers_shared:5,num_layers_CS:3,active_fn:tanh,beta:0.5,0.6527820687621305, 0.8893370080575119
mb_size:32,h_dim_shared:50,h_dim_CS:50,num_layers_shared:3,num_layers_CS:1,active_fn:elu,beta:3.0,0.6341078773118614, 0.7613832687420397
mb_size:32,h_dim_shared:300,h_dim_CS:300,num_layers_shared:2,num_layers_CS:1,active_fn:elu,beta:0.5,0.6822896059240504, 0.8745004350102173
mb_size:32,h_dim_shared:300,h_dim_CS:200,num_layers_shared:1,num_layers_CS:1,active_fn:tanh,beta:1.0,0.6179341595390557, 0.7214437146481386
mb_size:128,h_dim_shared:200,h_dim_CS:100,num_layers_shared:5,num_layers_CS:5,active_fn:relu,beta:0.0,0.6549896417483166, 0.7850518677372736
mb_size:64,h_dim_shared:100,h_dim_CS:50,num_layers_shared:3,num_layers_CS:5,active_fn:relu,beta:0.1,0.7006052447411898, 0.8504822425225039
mb_size:128,h_dim_shared:300,h_dim_CS:300,num_layers_shared:2,num_layers_CS:2,active_fn:elu,beta:3.0,0.6414541137680939, 0.7463312966512122
mb_size:64,h_dim_shared:100,h_dim_CS:50,num_layers_shared:2,num_layers_CS:3,active_fn:elu,beta:3.0,0.6466676592037451, 0.7813101932890069
mb_size:32,h_dim_shared:200,h_dim_CS:300,num_layers_shared:1,num_layers_CS:2,active_fn:elu,beta:1.0,0.6755726424662313, 0.8795075923681765
mb_size:128,h_dim_shared:300,h_dim_CS:300,num_layers_shared:2,num_layers_CS:1,active_fn:tanh,beta:3.0,0.6390291741119357, 0.7343974534562059
mb_size:128,h_dim_shared:200,h_dim_CS:300,num_layers_shared:3,num_layers_CS:5,active_fn:relu,beta:0.5,0.6818580702104168, 0.7720677039978936
mb_size:64,h_dim_shared:200,h_dim_CS:300,num_layers_shared:1,num_layers_CS:5,active_fn:elu,beta:0.5,0.6539439575872146, 0.7157420349655993
mb_size:64,h_dim_shared:300,h_dim_CS:300,num_layers_shared:5,num_layers_CS:3,active_fn:tanh,beta:1.0,0.6350151602378236, 0.8138414580831936
mb_size:32,h_dim_shared:200,h_dim_CS:200,num_layers_shared:2,num_layers_CS:5,active_fn:elu,beta:1.0,0.672918415743474, 0.7287829971166783
mb_size:32,h_dim_shared:100,h_dim_CS:300,num_layers_shared:1,num_layers_CS:2,active_fn:elu,beta:1.0,0.5939108260380065, 0.740178509604061
mb_size:128,h_dim_shared:100,h_dim_CS:50,num_layers_shared:2,num_layers_CS:3,active_fn:relu,beta:5.0,0.6678001314228389, 0.7792934821367495
mb_size:64,h_dim_shared:200,h_dim_CS:100,num_layers_shared:5,num_layers_CS:1,active_fn:relu,beta:5.0,0.6196594750454357, 0.7549262494754281
mb_size:32,h_dim_shared:200,h_dim_CS:300,num_layers_shared:2,num_layers_CS:2,active_fn:relu,beta:0.0,0.6721462380170635, 0.8282361065467688
mb_size:64,h_dim_shared:200,h_dim_CS:50,num_layers_shared:2,num_layers_CS:5,active_fn:relu,beta:0.1,0.6789735527625885, 0.7725131156849322
mb_size:64,h_dim_shared:50,h_dim_CS:50,num_layers_shared:3,num_layers_CS:2,active_fn:tanh,beta:3.0,0.6660065667960359, 0.7960625387811834
mb_size:128,h_dim_shared:300,h_dim_CS:300,num_layers_shared:5,num_layers_CS:2,active_fn:tanh,beta:0.5,0.6934183870345172, 0.8954651404228174
mb_size:128,h_dim_shared:300,h_dim_CS:50,num_layers_shared:2,num_layers_CS:2,active_fn:relu,beta:0.1,0.6908582516203629, 0.8564226937616642
mb_size:128,h_dim_shared:200,h_dim_CS:300,num_layers_shared:5,num_layers_CS:5,active_fn:elu,beta:0.5,0.6102837269119549, 0.717553274675592
mb_size:128,h_dim_shared:50,h_dim_CS:50,num_layers_shared:1,num_layers_CS:3,active_fn:elu,beta:5.0,0.6017199557243896, 0.7071842487017287
mb_size:32,h_dim_shared:50,h_dim_CS:50,num_layers_shared:5,num_layers_CS:2,active_fn:relu,beta:3.0,0.6349670990222428, 0.7447834325934695
mb_size:128,h_dim_shared:100,h_dim_CS:50,num_layers_shared:5,num_layers_CS:2,active_fn:elu,beta:3.0,0.6182288841765389, 0.7292764578334691
mb_size:64,h_dim_shared:50,h_dim_CS:100,num_layers_shared:2,num_layers_CS:1,active_fn:relu,beta:1.0,0.667451911244013, 0.7597009082323343
mb_size:64,h_dim_shared:100,h_dim_CS:300,num_layers_shared:3,num_layers_CS:2,active_fn:relu,beta:0.1,0.7014500822706965, 0.8332069856887925
mb_size:128,h_dim_shared:200,h_dim_CS:200,num_layers_shared:1,num_layers_CS:3,active_fn:elu,beta:0.5,0.6932606921283511, 0.8881392442071245
mb_size:64,h_dim_shared:200,h_dim_CS:200,num_layers_shared:2,num_layers_CS:5,active_fn:elu,beta:0.0,0.6713206748115453, 0.792398475440161
mb_size:128,h_dim_shared:200,h_dim_CS:300,num_layers_shared:2,num_layers_CS:2,active_fn:relu,beta:0.1,0.6998239967699457, 0.8294552052830544
mb_size:128,h_dim_shared:200,h_dim_CS:100,num_layers_shared:3,num_layers_CS:2,active_fn:relu,beta:0.1,0.7052187156340435, 0.8490932282652284
mb_size:128,h_dim_shared:100,h_dim_CS:100,num_layers_shared:2,num_layers_CS:2,active_fn:tanh,beta:0.0,0.7108096976524081, 0.8734442973366786
mb_size:32,h_dim_shared:50,h_dim_CS:50,num_layers_shared:2,num_layers_CS:5,active_fn:tanh,beta:0.0,0.666814124956729, 0.8506429652409094
mb_size:64,h_dim_shared:50,h_dim_CS:200,num_layers_shared:5,num_layers_CS:5,active_fn:elu,beta:1.0,0.6095760122505066, 0.7382609458900226
mb_size:64,h_dim_shared:300,h_dim_CS:200,num_layers_shared:1,num_layers_CS:2,active_fn:elu,beta:3.0,0.6627524468349778, 0.7499804099949459
mb_size:64,h_dim_shared:200,h_dim_CS:100,num_layers_shared:3,num_layers_CS:2,active_fn:relu,beta:1.0,0.696243377407153, 0.7754222409683097
mb_size:64,h_dim_shared:100,h_dim_CS:300,num_layers_shared:3,num_layers_CS:3,active_fn:elu,beta:0.5,0.643783579213102, 0.721949229569394
mb_size:128,h_dim_shared:300,h_dim_CS:100,num_layers_shared:3,num_layers_CS:2,active_fn:elu,beta:0.5,0.6481903090303249, 0.829069674033328
mb_size:64,h_dim_shared:100,h_dim_CS:50,num_layers_shared:2,num_layers_CS:2,active_fn:elu,beta:0.1,0.6452425431087486, 0.8757361440952659
mb_size:64,h_dim_shared:100,h_dim_CS:300,num_layers_shared:5,num_layers_CS:3,active_fn:elu,beta:3.0,0.6216962059187628, 0.7033271116012086
mb_size:32,h_dim_shared:200,h_dim_CS:50,num_layers_shared:3,num_layers_CS:3,active_fn:elu,beta:1.0,0.5906533399889065, 0.7392576273759764
mb_size:32,h_dim_shared:200,h_dim_CS:200,num_layers_shared:3,num_layers_CS:2,active_fn:elu,beta:0.1,0.6496016422176593, 0.7837072959831418
mb_size:128,h_dim_shared:300,h_dim_CS:100,num_layers_shared:5,num_layers_CS:2,active_fn:elu,beta:0.1,0.6486232577987364, 0.7535359295907765
mb_size:64,h_dim_shared:100,h_dim_CS:300,num_layers_shared:5,num_layers_CS:3,active_fn:relu,beta:0.5,0.6927664038966265, 0.7692986579641073
mb_size:64,h_dim_shared:100,h_dim_CS:200,num_layers_shared:2,num_layers_CS:2,active_fn:relu,beta:0.1,0.6866119985310624, 0.8192221902302904
mb_size:64,h_dim_shared:200,h_dim_CS:100,num_layers_shared:1,num_layers_CS:2,active_fn:relu,beta:0.5,0.6838061107033528, 0.7826066848252057
mb_size:128,h_dim_shared:100,h_dim_CS:100,num_layers_shared:3,num_layers_CS:1,active_fn:elu,beta:5.0,0.6381732580818842, 0.742141222565297
mb_size:32,h_dim_shared:200,h_dim_CS:100,num_layers_shared:2,num_layers_CS:1,active_fn:relu,beta:0.0,0.6721459459849592, 0.8525029214556231
mb_size:128,h_dim_shared:100,h_dim_CS:100,num_layers_shared:5,num_layers_CS:2,active_fn:elu,beta:3.0,0.6686941853115669, 0.7706106106580819
mb_size:32,h_dim_shared:200,h_dim_CS:200,num_layers_shared:5,num_layers_CS:3,active_fn:relu,beta:0.0,0.7037845018768946, 0.8089980489608388
mb_size:64,h_dim_shared:200,h_dim_CS:50,num_layers_shared:5,num_layers_CS:1,active_fn:relu,beta:0.5,0.7004679692182929, 0.8739723470380172
mb_size:32,h_dim_shared:200,h_dim_CS:100,num_layers_shared:1,num_layers_CS:5,active_fn:elu,beta:0.1,0.6268221249499648, 0.8583288793358236
mb_size:64,h_dim_shared:100,h_dim_CS:200,num_layers_shared:3,num_layers_CS:2,active_fn:relu,beta:0.5,0.7112478797663586, 0.7773285578834107
mb_size:32,h_dim_shared:100,h_dim_CS:100,num_layers_shared:1,num_layers_CS:5,active_fn:relu,beta:0.1,0.6965807347778784, 0.7712456711789359
mb_size:128,h_dim_shared:200,h_dim_CS:300,num_layers_shared:3,num_layers_CS:1,active_fn:relu,beta:0.1,0.7106090665403153, 0.8690075063839316
mb_size:128,h_dim_shared:200,h_dim_CS:300,num_layers_shared:1,num_layers_CS:3,active_fn:tanh,beta:0.0,0.7183657412971449, 0.8618390505047753
mb_size:64,h_dim_shared:200,h_dim_CS:50,num_layers_shared:5,num_layers_CS:2,active_fn:tanh,beta:5.0,0.714312298279944, 0.8068809777964376
mb_size:128,h_dim_shared:200,h_dim_CS:100,num_layers_shared:2,num_layers_CS:5,active_fn:relu,beta:3.0,0.7294354330550507, 0.7886486749947221
mb_size:64,h_dim_shared:50,h_dim_CS:300,num_layers_shared:3,num_layers_CS:5,active_fn:tanh,beta:1.0,0.6364270480256483, 0.6997248092857712
mb_size:64,h_dim_shared:100,h_dim_CS:100,num_layers_shared:2,num_layers_CS:2,active_fn:tanh,beta:5.0,0.6977267531079513, 0.7538601145375438
mb_size:128,h_dim_shared:200,h_dim_CS:300,num_layers_shared:5,num_layers_CS:3,active_fn:elu,beta:1.0,0.6415027943836988, 0.786983484224674
mb_size:128,h_dim_shared:100,h_dim_CS:100,num_layers_shared:5,num_layers_CS:2,active_fn:tanh,beta:0.0,0.6610820432805363, 0.8859380105116254
mb_size:32,h_dim_shared:300,h_dim_CS:100,num_layers_shared:1,num_layers_CS:2,active_fn:elu,beta:1.0,0.6733784464861766, 0.7670098732319356
mb_size:128,h_dim_shared:50,h_dim_CS:200,num_layers_shared:1,num_layers_CS:2,active_fn:relu,beta:1.0,0.6533161250761598, 0.7380091783697967
mb_size:128,h_dim_shared:300,h_dim_CS:300,num_layers_shared:1,num_layers_CS:2,active_fn:relu,beta:1.0,0.6219731915197575, 0.773784320148522
mb_size:64,h_dim_shared:100,h_dim_CS:50,num_layers_shared:1,num_layers_CS:2,active_fn:tanh,beta:5.0,0.5965430718321697, 0.7237471661903657
mb_size:32,h_dim_shared:300,h_dim_CS:100,num_layers_shared:1,num_layers_CS:5,active_fn:tanh,beta:3.0,0.6664404653501287, 0.7061524740541095
mb_size:32,h_dim_shared:200,h_dim_CS:300,num_layers_shared:2,num_layers_CS:5,active_fn:tanh,beta:0.5,0.6499558761003967, 0.816737325784712
mb_size:32,h_dim_shared:200,h_dim_CS:300,num_layers_shared:1,num_layers_CS:1,active_fn:elu,beta:3.0,0.5663224683956273, 0.7298856223132293
mb_size:128,h_dim_shared:100,h_dim_CS:50,num_layers_shared:3,num_layers_CS:3,active_fn:relu,beta:0.1,0.663468006902873, 0.8238893031522747
mb_size:32,h_dim_shared:100,h_dim_CS:50,num_layers_shared:2,num_layers_CS:2,active_fn:relu,beta:3.0,0.6577092725622443, 0.8239078906473599
mb_size:32,h_dim_shared:50,h_dim_CS:200,num_layers_shared:1,num_layers_CS:3,active_fn:elu,beta:1.0,0.6631515802873479, 0.8037768457635073
mb_size:32,h_dim_shared:100,h_dim_CS:100,num_layers_shared:1,num_layers_CS:5,active_fn:tanh,beta:1.0,0.6832730046310688, 0.7165502002371448
mb_size:64,h_dim_shared:100,h_dim_CS:100,num_layers_shared:1,num_layers_CS:1,active_fn:tanh,beta:5.0,0.6480740921731538, 0.6993984209559949
mb_size:32,h_dim_shared:300,h_dim_CS:300,num_layers_shared:3,num_layers_CS:3,active_fn:tanh,beta:1.0,0.6047866788889237, 0.7692230123211449
mb_size:32,h_dim_shared:300,h_dim_CS:100,num_layers_shared:2,num_layers_CS:3,active_fn:tanh,beta:0.0,0.6691004722218716, 0.848436947126935
mb_size:64,h_dim_shared:100,h_dim_CS:200,num_layers_shared:2,num_layers_CS:1,active_fn:tanh,beta:5.0,0.6378671014438934, 0.7570486479402999
mb_size:64,h_dim_shared:50,h_dim_CS:200,num_layers_shared:1,num_layers_CS:1,active_fn:tanh,beta:1.0,0.6810007862444426, 0.8235759706558047
mb_size:64,h_dim_shared:200,h_dim_CS:200,num_layers_shared:5,num_layers_CS:2,active_fn:tanh,beta:0.5,0.6671437399910829, 0.7234763084028635
mb_size:128,h_dim_shared:300,h_dim_CS:50,num_layers_shared:2,num_layers_CS:1,active_fn:relu,beta:3.0,0.6795938237373355, 0.8090352980410941
mb_size:32,h_dim_shared:200,h_dim_CS:200,num_layers_shared:1,num_layers_CS:1,active_fn:tanh,beta:0.1,0.659493023080527, 0.8753855521031323
mb_size:128,h_dim_shared:300,h_dim_CS:300,num_layers_shared:5,num_layers_CS:3,active_fn:tanh,beta:3.0,0.6093716596628007, 0.6945788157295495
mb_size:128,h_dim_shared:200,h_dim_CS:50,num_layers_shared:3,num_layers_CS:5,active_fn:relu,beta:3.0,0.7232016031017325, 0.8183303042206637
mb_size:64,h_dim_shared:300,h_dim_CS:300,num_layers_shared:1,num_layers_CS:2,active_fn:elu,beta:1.0,0.6510765699469986, 0.832211515630922
mb_size:64,h_dim_shared:100,h_dim_CS:100,num_layers_shared:5,num_layers_CS:3,active_fn:elu,beta:0.1,0.7191544195027243, 0.7209961652076357
mb_size:128,h_dim_shared:50,h_dim_CS:300,num_layers_shared:3,num_layers_CS:3,active_fn:tanh,beta:0.1,0.6811675089590241, 0.9033497019157721
mb_size:128,h_dim_shared:50,h_dim_CS:50,num_layers_shared:1,num_layers_CS:5,active_fn:relu,beta:0.1,0.6754540169413151, 0.7833676657156093
mb_size:32,h_dim_shared:50,h_dim_CS:50,num_layers_shared:2,num_layers_CS:2,active_fn:tanh,beta:3.0,0.6689854521445037, 0.7207622756694049
mb_size:128,h_dim_shared:300,h_dim_CS:200,num_layers_shared:2,num_layers_CS:2,active_fn:relu,beta:0.0,0.7575263652101386, 0.8600221641752998
mb_size:64,h_dim_shared:300,h_dim_CS:200,num_layers_shared:3,num_layers_CS:2,active_fn:relu,beta:0.0,0.6729545359879504, 0.8179849563670496
mb_size:128,h_dim_shared:100,h_dim_CS:100,num_layers_shared:1,num_layers_CS:5,active_fn:tanh,beta:3.0,0.716400896744335, 0.7327820835046136
mb_size:32,h_dim_shared:200,h_dim_CS:300,num_layers_shared:5,num_layers_CS:1,active_fn:relu,beta:0.0,0.6916682061858007, 0.8576318451918642
mb_size:32,h_dim_shared:200,h_dim_CS:300,num_layers_shared:2,num_layers_CS:5,active_fn:relu,beta:0.1,0.6994123476078298, 0.7629429210603599
mb_size:64,h_dim_shared:50,h_dim_CS:200,num_layers_shared:2,num_layers_CS:5,active_fn:relu,beta:0.1,0.6599153985535829, 0.7585802075808669
mb_size:64,h_dim_shared:200,h_dim_CS:50,num_layers_shared:3,num_layers_CS:2,active_fn:elu,beta:0.0,0.644658007318646, 0.817285502488009
mb_size:64,h_dim_shared:100,h_dim_CS:200,num_layers_shared:1,num_layers_CS:5,active_fn:tanh,beta:0.0,0.7391566887832207, 0.8785827469735285
mb_size:32,h_dim_shared:300,h_dim_CS:200,num_layers_shared:3,num_layers_CS:2,active_fn:relu,beta:3.0,0.7411688318705849, 0.741461421733125
mb_size:64,h_dim_shared:100,h_dim_CS:200,num_layers_shared:1,num_layers_CS:1,active_fn:elu,beta:0.5,0.6511762087517715, 0.8749265618450136
mb_size:128,h_dim_shared:50,h_dim_CS:300,num_layers_shared:3,num_layers_CS:1,active_fn:tanh,beta:0.5,0.6593911337815225, 0.8574711501167648
mb_size:32,h_dim_shared:50,h_dim_CS:300,num_layers_shared:1,num_layers_CS:1,active_fn:relu,beta:3.0,0.6956580466620168, 0.8415990860416617
mb_size:32,h_dim_shared:200,h_dim_CS:300,num_layers_shared:3,num_layers_CS:2,active_fn:relu,beta:3.0,0.6960055389526136, 0.7857911683361417
mb_size:64,h_dim_shared:100,h_dim_CS:300,num_layers_shared:3,num_layers_CS:2,active_fn:relu,beta:3.0,0.6714794097318332, 0.7482446777960489
mb_size:32,h_dim_shared:100,h_dim_CS:50,num_layers_shared:3,num_layers_CS:5,active_fn:relu,beta:0.5,0.6841641651517106, 0.7582369868067452
mb_size:64,h_dim_shared:100,h_dim_CS:100,num_layers_shared:2,num_layers_CS:5,active_fn:elu,beta:5.0,0.6117515532624921, 0.716826566054423
mb_size:128,h_dim_shared:200,h_dim_CS:300,num_layers_shared:2,num_layers_CS:3,active_fn:relu,beta:1.0,0.6638198548996374, 0.7633174209152834
mb_size:32,h_dim_shared:50,h_dim_CS:50,num_layers_shared:1,num_layers_CS:3,active_fn:tanh,beta:3.0,0.6206249035679815, 0.7158913393871273
mb_size:32,h_dim_shared:100,h_dim_CS:100,num_layers_shared:3,num_layers_CS:5,active_fn:tanh,beta:0.5,0.6562455557059429, 0.7488469546273082
mb_size:128,h_dim_shared:100,h_dim_CS:50,num_layers_shared:1,num_layers_CS:1,active_fn:tanh,beta:5.0,0.6573791520672103, 0.668182478119797
mb_size:128,h_dim_shared:200,h_dim_CS:200,num_layers_shared:3,num_layers_CS:3,active_fn:tanh,beta:0.0,0.6831524684401552, 0.865312548587282
mb_size:128,h_dim_shared:300,h_dim_CS:50,num_layers_shared:3,num_layers_CS:2,active_fn:tanh,beta:0.1,0.6575342549864409, 0.9079100758720191
mb_size:64,h_dim_shared:200,h_dim_CS:50,num_layers_shared:5,num_layers_CS:2,active_fn:tanh,beta:0.0,0.6325395765412681, 0.8636100231069337
mb_size:128,h_dim_shared:100,h_dim_CS:50,num_layers_shared:3,num_layers_CS:5,active_fn:relu,beta:1.0,0.5508376103366431, 0.7407569742475563
mb_size:32,h_dim_shared:300,h_dim_CS:50,num_layers_shared:3,num_layers_CS:2,active_fn:elu,beta:5.0,0.6497882603722037, 0.7429527919884792
mb_size:128,h_dim_shared:200,h_dim_CS:300,num_layers_shared:1,num_layers_CS:5,active_fn:tanh,beta:0.0,0.7556032196103685, 0.857731262887941
mb_size:128,h_dim_shared:200,h_dim_CS:100,num_layers_shared:3,num_layers_CS:1,active_fn:elu,beta:0.0,0.7319797001234654, 0.8693014035178929
mb_size:32,h_dim_shared:200,h_dim_CS:300,num_layers_shared:3,num_layers_CS:3,active_fn:tanh,beta:0.1,0.6779491259074991, 0.911113723742607
mb_size:128,h_dim_shared:300,h_dim_CS:200,num_layers_shared:1,num_layers_CS:1,active_fn:elu,beta:0.5,0.6437278524341881, 0.8475075218486366
mb_size:64,h_dim_shared:200,h_dim_CS:200,num_layers_shared:1,num_layers_CS:1,active_fn:relu,beta:0.5,0.6676217765354866, 0.8153759912162859
mb_size:128,h_dim_shared:100,h_dim_CS:100,num_layers_shared:2,num_layers_CS:3,active_fn:elu,beta:0.1,0.6555309227862778, 0.7556703976414766
mb_size:32,h_dim_shared:50,h_dim_CS:300,num_layers_shared:3,num_layers_CS:3,active_fn:elu,beta:0.5,0.6609924643858441, 0.8459923635699903
mb_size:32,h_dim_shared:200,h_dim_CS:200,num_layers_shared:2,num_layers_CS:3,active_fn:relu,beta:5.0,0.6735590943448271, 0.7603207630247476
mb_size:128,h_dim_shared:50,h_dim_CS:200,num_layers_shared:1,num_layers_CS:5,active_fn:tanh,beta:0.5,0.626776017828495, 0.8436936971188614
mb_size:64,h_dim_shared:100,h_dim_CS:100,num_layers_shared:3,num_layers_CS:3,active_fn:relu,beta:0.0,0.6874108330732674, 0.8108349105458967
