mb_size:32,h_dim_shared:300,h_dim_CS:100,num_layers_shared:1,num_layers_CS:2,active_fn:relu,beta:0.5,,(0.6430195235499403, 0.5321183783725323)
mb_size:32,h_dim_shared:200,h_dim_CS:300,num_layers_shared:1,num_layers_CS:1,active_fn:tanh,beta:5.0,,(0.6213484358136975, 0.6690692037394433)
mb_size:128,h_dim_shared:300,h_dim_CS:100,num_layers_shared:5,num_layers_CS:3,active_fn:elu,beta:0.5,,(0.63217911320517, 0.6070572454252037)
mb_size:128,h_dim_shared:300,h_dim_CS:200,num_layers_shared:1,num_layers_CS:3,active_fn:elu,beta:5.0,,(0.5963736713700448, 0.6767280422761647)
mb_size:64,h_dim_shared:300,h_dim_CS:100,num_layers_shared:5,num_layers_CS:3,active_fn:elu,beta:0.5,,(0.6175465534121423, 0.6083368557041577)
mb_size:32,h_dim_shared:300,h_dim_CS:50,num_layers_shared:1,num_layers_CS:2,active_fn:relu,beta:1.0,,(0.6393613152293257, 0.5577175945296804)
mb_size:64,h_dim_shared:50,h_dim_CS:50,num_layers_shared:5,num_layers_CS:1,active_fn:elu,beta:1.0,,(0.6342350836656389, 0.5798967524193546)
mb_size:64,h_dim_shared:100,h_dim_CS:200,num_layers_shared:1,num_layers_CS:5,active_fn:elu,beta:5.0,,(0.6150402426734579, 0.6855554153208531)
mb_size:32,h_dim_shared:200,h_dim_CS:50,num_layers_shared:3,num_layers_CS:3,active_fn:relu,beta:0.5,,(0.6453611649736147, 0.5729665823089038)
mb_size:32,h_dim_shared:50,h_dim_CS:50,num_layers_shared:3,num_layers_CS:2,active_fn:tanh,beta:0.1,,(0.6270115724649941, 0.5708994695259038)
mb_size:64,h_dim_shared:300,h_dim_CS:50,num_layers_shared:3,num_layers_CS:3,active_fn:relu,beta:0.5,,(0.6425159354239321, 0.5658188378124203)
mb_size:128,h_dim_shared:50,h_dim_CS:50,num_layers_shared:1,num_layers_CS:1,active_fn:relu,beta:3.0,,(0.6203078264347879, 0.5938725748034105)
mb_size:32,h_dim_shared:200,h_dim_CS:200,num_layers_shared:1,num_layers_CS:2,active_fn:relu,beta:5.0,,(0.6630134871178641, 0.5625231528910052)
mb_size:128,h_dim_shared:300,h_dim_CS:200,num_layers_shared:2,num_layers_CS:2,active_fn:tanh,beta:1.0,,(0.656183599657665, 0.5365794158551008)
mb_size:64,h_dim_shared:300,h_dim_CS:300,num_layers_shared:1,num_layers_CS:2,active_fn:relu,beta:0.5,,(0.6659381527376355, 0.5387984983711326)
mb_size:32,h_dim_shared:50,h_dim_CS:100,num_layers_shared:5,num_layers_CS:1,active_fn:tanh,beta:0.1,,(0.6486347265475002, 0.5485282482345626)
mb_size:32,h_dim_shared:300,h_dim_CS:200,num_layers_shared:1,num_layers_CS:1,active_fn:relu,beta:0.5,,(0.6628161412129285, 0.549691089235286)
mb_size:64,h_dim_shared:300,h_dim_CS:100,num_layers_shared:1,num_layers_CS:1,active_fn:tanh,beta:3.0,,(0.6312394145928413, 0.6729803060570241)
mb_size:128,h_dim_shared:50,h_dim_CS:100,num_layers_shared:2,num_layers_CS:2,active_fn:tanh,beta:0.1,,(0.629009420591393, 0.5537244494621256)
mb_size:64,h_dim_shared:50,h_dim_CS:100,num_layers_shared:1,num_layers_CS:5,active_fn:relu,beta:5.0,,(0.5994752360237471, 0.5697264077382618)
mb_size:128,h_dim_shared:100,h_dim_CS:100,num_layers_shared:2,num_layers_CS:5,active_fn:relu,beta:0.5,,(0.6382089885527407, 0.5766652430360364)
mb_size:64,h_dim_shared:200,h_dim_CS:50,num_layers_shared:5,num_layers_CS:2,active_fn:relu,beta:0.1,,(0.6539627968356998, 0.5409348750545967)
mb_size:128,h_dim_shared:100,h_dim_CS:300,num_layers_shared:1,num_layers_CS:1,active_fn:relu,beta:0.1,,(0.6513298855695039, 0.5806848615061038)
mb_size:32,h_dim_shared:200,h_dim_CS:100,num_layers_shared:2,num_layers_CS:2,active_fn:elu,beta:0.5,,(0.6302702454355793, 0.5788415688573127)
mb_size:128,h_dim_shared:300,h_dim_CS:100,num_layers_shared:5,num_layers_CS:5,active_fn:tanh,beta:5.0,,(0.6574830287948491, 0.645973539552161)
mb_size:32,h_dim_shared:100,h_dim_CS:50,num_layers_shared:1,num_layers_CS:3,active_fn:elu,beta:0.5,,(0.644301855285457, 0.5920004891728222)
mb_size:128,h_dim_shared:200,h_dim_CS:300,num_layers_shared:5,num_layers_CS:3,active_fn:elu,beta:3.0,,(0.6252562164092349, 0.6760915233674506)
mb_size:64,h_dim_shared:200,h_dim_CS:100,num_layers_shared:1,num_layers_CS:2,active_fn:tanh,beta:5.0,,(0.6311440677634301, 0.6785999106712448)
mb_size:128,h_dim_shared:200,h_dim_CS:200,num_layers_shared:2,num_layers_CS:5,active_fn:elu,beta:3.0,,(0.6259128853880463, 0.6835757856515494)
mb_size:128,h_dim_shared:50,h_dim_CS:100,num_layers_shared:1,num_layers_CS:3,active_fn:elu,beta:5.0,,(0.612831266936272, 0.6846722658435005)
mb_size:32,h_dim_shared:50,h_dim_CS:200,num_layers_shared:3,num_layers_CS:1,active_fn:relu,beta:1.0,,(0.6469024903675602, 0.5399110295706548)
mb_size:32,h_dim_shared:50,h_dim_CS:100,num_layers_shared:1,num_layers_CS:2,active_fn:tanh,beta:1.0,,(0.6245999060576399, 0.621431702024361)
mb_size:64,h_dim_shared:50,h_dim_CS:100,num_layers_shared:1,num_layers_CS:5,active_fn:elu,beta:0.5,,(0.6235338383899899, 0.6092948560726711)
mb_size:64,h_dim_shared:200,h_dim_CS:200,num_layers_shared:5,num_layers_CS:3,active_fn:tanh,beta:0.1,,(0.6210863846492836, 0.5682881948333819)
mb_size:128,h_dim_shared:100,h_dim_CS:300,num_layers_shared:1,num_layers_CS:1,active_fn:relu,beta:3.0,,(0.6518607315264466, 0.5237834127367741)
mb_size:64,h_dim_shared:50,h_dim_CS:50,num_layers_shared:2,num_layers_CS:2,active_fn:tanh,beta:0.5,,(0.6289835127217207, 0.557882295699493)
mb_size:64,h_dim_shared:100,h_dim_CS:100,num_layers_shared:2,num_layers_CS:2,active_fn:relu,beta:1.0,,(0.6514438709433373, 0.570463466316281)
mb_size:64,h_dim_shared:50,h_dim_CS:200,num_layers_shared:3,num_layers_CS:2,active_fn:tanh,beta:1.0,,(0.6171589159159894, 0.6573122438671679)
mb_size:32,h_dim_shared:300,h_dim_CS:200,num_layers_shared:5,num_layers_CS:2,active_fn:relu,beta:1.0,,(0.6458460864517774, 0.5811260509876995)
mb_size:64,h_dim_shared:200,h_dim_CS:300,num_layers_shared:1,num_layers_CS:1,active_fn:elu,beta:0.5,,(0.6217270144091549, 0.533341325099949)
mb_size:128,h_dim_shared:100,h_dim_CS:300,num_layers_shared:2,num_layers_CS:5,active_fn:elu,beta:1.0,,(0.6416223619991803, 0.6484926510491016)
mb_size:32,h_dim_shared:50,h_dim_CS:100,num_layers_shared:2,num_layers_CS:5,active_fn:tanh,beta:3.0,,(0.5735515860197475, 0.6731722013380229)
mb_size:128,h_dim_shared:50,h_dim_CS:100,num_layers_shared:1,num_layers_CS:3,active_fn:tanh,beta:1.0,,(0.6390961847631753, 0.6509047861349988)
mb_size:32,h_dim_shared:50,h_dim_CS:200,num_layers_shared:2,num_layers_CS:5,active_fn:relu,beta:1.0,,(0.6508524982376103, 0.5774335448754383)
mb_size:64,h_dim_shared:100,h_dim_CS:300,num_layers_shared:1,num_layers_CS:5,active_fn:relu,beta:5.0,,(0.6210377411743343, 0.6444400996044117)
mb_size:32,h_dim_shared:50,h_dim_CS:300,num_layers_shared:3,num_layers_CS:2,active_fn:elu,beta:0.1,,(0.6354036605499743, 0.558494262561228)
mb_size:32,h_dim_shared:300,h_dim_CS:300,num_layers_shared:5,num_layers_CS:5,active_fn:tanh,beta:0.5,,(0.6146571867592967, 0.5430349427112193)
mb_size:128,h_dim_shared:50,h_dim_CS:200,num_layers_shared:5,num_layers_CS:3,active_fn:elu,beta:1.0,,(0.6154892268440437, 0.6558274205801722)
mb_size:128,h_dim_shared:100,h_dim_CS:100,num_layers_shared:5,num_layers_CS:3,active_fn:tanh,beta:0.1,,(0.6099469858987348, 0.5686683904593132)
mb_size:64,h_dim_shared:300,h_dim_CS:100,num_layers_shared:3,num_layers_CS:2,active_fn:relu,beta:1.0,,(0.6408834065989177, 0.5922071566807124)
mb_size:64,h_dim_shared:300,h_dim_CS:100,num_layers_shared:1,num_layers_CS:1,active_fn:relu,beta:5.0,,(0.6358759056372238, 0.538679214968286)
mb_size:32,h_dim_shared:100,h_dim_CS:100,num_layers_shared:2,num_layers_CS:1,active_fn:relu,beta:0.5,,(0.6541441521083975, 0.5424074205481542)
mb_size:64,h_dim_shared:300,h_dim_CS:200,num_layers_shared:3,num_layers_CS:2,active_fn:relu,beta:3.0,,(0.6459772962772478, 0.5882313880364988)
mb_size:128,h_dim_shared:300,h_dim_CS:300,num_layers_shared:3,num_layers_CS:5,active_fn:elu,beta:3.0,,(0.6305039533182921, 0.6633372329017627)
mb_size:64,h_dim_shared:300,h_dim_CS:100,num_layers_shared:1,num_layers_CS:5,active_fn:tanh,beta:1.0,,(0.6379462163773214, 0.6357497192182129)
mb_size:32,h_dim_shared:300,h_dim_CS:100,num_layers_shared:3,num_layers_CS:2,active_fn:tanh,beta:5.0,,(0.6314730813087412, 0.663269223248592)
mb_size:32,h_dim_shared:200,h_dim_CS:50,num_layers_shared:3,num_layers_CS:5,active_fn:tanh,beta:5.0,,(0.6464642094869895, 0.6580284877737645)
mb_size:64,h_dim_shared:50,h_dim_CS:300,num_layers_shared:5,num_layers_CS:3,active_fn:relu,beta:5.0,,(0.6534760925202232, 0.5921367827963143)
mb_size:64,h_dim_shared:50,h_dim_CS:300,num_layers_shared:3,num_layers_CS:3,active_fn:elu,beta:0.5,,(0.6274715596178304, 0.5762318168444799)
mb_size:128,h_dim_shared:100,h_dim_CS:300,num_layers_shared:1,num_layers_CS:5,active_fn:elu,beta:0.1,,(0.6430957975302674, 0.5507679641267558)
mb_size:64,h_dim_shared:50,h_dim_CS:300,num_layers_shared:3,num_layers_CS:1,active_fn:elu,beta:0.1,,(0.6520354505695952, 0.5568859645820057)
mb_size:128,h_dim_shared:200,h_dim_CS:50,num_layers_shared:2,num_layers_CS:5,active_fn:tanh,beta:5.0,,(0.6286708338797494, 0.6922098674540096)
mb_size:64,h_dim_shared:200,h_dim_CS:200,num_layers_shared:3,num_layers_CS:5,active_fn:tanh,beta:5.0,,(0.5729093825525102, 0.5350351898458275)
mb_size:32,h_dim_shared:200,h_dim_CS:50,num_layers_shared:2,num_layers_CS:2,active_fn:relu,beta:0.1,,(0.6507100797142379, 0.5451383928008844)
mb_size:128,h_dim_shared:300,h_dim_CS:100,num_layers_shared:2,num_layers_CS:1,active_fn:elu,beta:5.0,,(0.6042954690185817, 0.6723395562769068)
mb_size:32,h_dim_shared:50,h_dim_CS:50,num_layers_shared:5,num_layers_CS:2,active_fn:tanh,beta:0.1,,(0.6068335396743406, 0.5515010267879029)
mb_size:64,h_dim_shared:100,h_dim_CS:300,num_layers_shared:5,num_layers_CS:5,active_fn:elu,beta:3.0,,(0.6182023096729947, 0.6317212385096505)
mb_size:64,h_dim_shared:200,h_dim_CS:200,num_layers_shared:2,num_layers_CS:1,active_fn:elu,beta:0.1,,(0.63951134119551, 0.5299753156292418)
mb_size:128,h_dim_shared:100,h_dim_CS:50,num_layers_shared:1,num_layers_CS:3,active_fn:relu,beta:0.5,,(0.6485722564773407, 0.583453885499908)
mb_size:128,h_dim_shared:100,h_dim_CS:50,num_layers_shared:3,num_layers_CS:1,active_fn:elu,beta:0.1,,(0.6285164228375061, 0.5370606110196536)
mb_size:64,h_dim_shared:200,h_dim_CS:50,num_layers_shared:3,num_layers_CS:3,active_fn:relu,beta:0.5,,(0.6390085551916492, 0.5620146716200769)
mb_size:64,h_dim_shared:200,h_dim_CS:50,num_layers_shared:5,num_layers_CS:1,active_fn:relu,beta:0.1,,(0.662857009998723, 0.5456948658916552)
mb_size:128,h_dim_shared:300,h_dim_CS:50,num_layers_shared:1,num_layers_CS:5,active_fn:tanh,beta:0.5,,(0.6292428380493337, 0.6321644892807742)
mb_size:128,h_dim_shared:50,h_dim_CS:50,num_layers_shared:3,num_layers_CS:2,active_fn:tanh,beta:5.0,,(0.6090373846089395, 0.6874859333873109)
mb_size:32,h_dim_shared:200,h_dim_CS:200,num_layers_shared:5,num_layers_CS:1,active_fn:tanh,beta:5.0,,(0.6184927656839214, 0.6653192465863824)
mb_size:64,h_dim_shared:300,h_dim_CS:200,num_layers_shared:5,num_layers_CS:3,active_fn:relu,beta:3.0,,(0.6396131330691859, 0.6179701825112576)
mb_size:128,h_dim_shared:300,h_dim_CS:100,num_layers_shared:1,num_layers_CS:1,active_fn:relu,beta:0.1,,(0.6573124103473248, 0.5632999894994699)
mb_size:64,h_dim_shared:50,h_dim_CS:100,num_layers_shared:1,num_layers_CS:5,active_fn:relu,beta:0.5,,(0.643500492110235, 0.5581469336781307)
mb_size:32,h_dim_shared:300,h_dim_CS:50,num_layers_shared:2,num_layers_CS:3,active_fn:relu,beta:1.0,,(0.6450454627233643, 0.5526542827993647)
mb_size:64,h_dim_shared:300,h_dim_CS:100,num_layers_shared:3,num_layers_CS:3,active_fn:elu,beta:5.0,,(0.6275941565247533, 0.6847850571241234)
mb_size:128,h_dim_shared:100,h_dim_CS:100,num_layers_shared:5,num_layers_CS:1,active_fn:elu,beta:0.1,,(0.6355636998994699, 0.5443087122587783)
mb_size:32,h_dim_shared:300,h_dim_CS:200,num_layers_shared:3,num_layers_CS:3,active_fn:relu,beta:0.5,,(0.6453566587684402, 0.5714228099266732)
mb_size:128,h_dim_shared:50,h_dim_CS:300,num_layers_shared:1,num_layers_CS:3,active_fn:elu,beta:0.5,,(0.6135778412695091, 0.5496936424527044)
mb_size:64,h_dim_shared:200,h_dim_CS:50,num_layers_shared:1,num_layers_CS:5,active_fn:elu,beta:1.0,,(0.6177664872558453, 0.5643627048250724)
mb_size:64,h_dim_shared:100,h_dim_CS:200,num_layers_shared:2,num_layers_CS:1,active_fn:tanh,beta:5.0,,(0.6210388209316284, 0.6711373523619777)
mb_size:64,h_dim_shared:100,h_dim_CS:50,num_layers_shared:5,num_layers_CS:2,active_fn:relu,beta:0.1,,(0.6546947100792645, 0.541275672114553)
mb_size:128,h_dim_shared:300,h_dim_CS:100,num_layers_shared:1,num_layers_CS:5,active_fn:tanh,beta:0.5,,(0.608251691446092, 0.6192762782615565)
mb_size:128,h_dim_shared:100,h_dim_CS:300,num_layers_shared:3,num_layers_CS:2,active_fn:elu,beta:3.0,,(0.6095479386601147, 0.6550743758083777)
mb_size:128,h_dim_shared:100,h_dim_CS:300,num_layers_shared:5,num_layers_CS:3,active_fn:tanh,beta:1.0,,(0.6016856808373239, 0.6361675195020067)
mb_size:128,h_dim_shared:200,h_dim_CS:300,num_layers_shared:3,num_layers_CS:2,active_fn:elu,beta:0.5,,(0.5872879080467011, 0.5675995013986784)
mb_size:128,h_dim_shared:200,h_dim_CS:200,num_layers_shared:2,num_layers_CS:3,active_fn:elu,beta:0.1,,(0.639074294758971, 0.5454063387953582)
mb_size:128,h_dim_shared:100,h_dim_CS:100,num_layers_shared:3,num_layers_CS:1,active_fn:elu,beta:0.1,,(0.6435254500560794, 0.5384871012746943)
mb_size:128,h_dim_shared:200,h_dim_CS:100,num_layers_shared:5,num_layers_CS:1,active_fn:tanh,beta:3.0,,(0.6135745126120802, 0.6584129137159288)
mb_size:128,h_dim_shared:50,h_dim_CS:100,num_layers_shared:3,num_layers_CS:2,active_fn:relu,beta:1.0,,(0.6244511582593281, 0.5770768549407235)
mb_size:64,h_dim_shared:300,h_dim_CS:100,num_layers_shared:5,num_layers_CS:1,active_fn:tanh,beta:1.0,,(0.6228540930009239, 0.6483016525158533)
mb_size:128,h_dim_shared:50,h_dim_CS:200,num_layers_shared:3,num_layers_CS:3,active_fn:tanh,beta:0.5,,(0.6337145569211072, 0.6016094995196992)
mb_size:128,h_dim_shared:300,h_dim_CS:200,num_layers_shared:1,num_layers_CS:1,active_fn:relu,beta:0.5,,(0.6625336554081852, 0.5542616601962689)
mb_size:32,h_dim_shared:200,h_dim_CS:200,num_layers_shared:5,num_layers_CS:5,active_fn:tanh,beta:0.5,,(0.6302533336549595, 0.5143396407054868)
mb_size:32,h_dim_shared:100,h_dim_CS:100,num_layers_shared:3,num_layers_CS:3,active_fn:relu,beta:1.0,,(0.6366444258184879, 0.58475845781488)
mb_size:64,h_dim_shared:300,h_dim_CS:100,num_layers_shared:5,num_layers_CS:1,active_fn:relu,beta:0.1,,(0.6470126669160882, 0.5709834338213567)
mb_size:64,h_dim_shared:300,h_dim_CS:200,num_layers_shared:5,num_layers_CS:3,active_fn:tanh,beta:0.1,,(0.6600578969328983, 0.557062179401685)
mb_size:64,h_dim_shared:200,h_dim_CS:100,num_layers_shared:1,num_layers_CS:1,active_fn:elu,beta:5.0,,(0.6124544030654806, 0.6743916835439911)
mb_size:64,h_dim_shared:50,h_dim_CS:100,num_layers_shared:5,num_layers_CS:2,active_fn:elu,beta:3.0,,(0.621484248509553, 0.6446819068063019)
mb_size:64,h_dim_shared:200,h_dim_CS:300,num_layers_shared:5,num_layers_CS:5,active_fn:tanh,beta:5.0,,(0.6196225442578168, 0.6627645264935537)
mb_size:64,h_dim_shared:300,h_dim_CS:200,num_layers_shared:3,num_layers_CS:2,active_fn:tanh,beta:1.0,,(0.6153683484776116, 0.622902469503938)
mb_size:32,h_dim_shared:50,h_dim_CS:50,num_layers_shared:1,num_layers_CS:2,active_fn:tanh,beta:0.5,,(0.621005673343048, 0.5133996471038962)
mb_size:32,h_dim_shared:50,h_dim_CS:50,num_layers_shared:5,num_layers_CS:5,active_fn:elu,beta:0.5,,(0.6359100326144785, 0.5753905192397273)
mb_size:32,h_dim_shared:300,h_dim_CS:100,num_layers_shared:2,num_layers_CS:3,active_fn:elu,beta:5.0,,(0.5950527194222691, 0.6459006119770692)
mb_size:64,h_dim_shared:100,h_dim_CS:300,num_layers_shared:1,num_layers_CS:3,active_fn:elu,beta:5.0,,(0.6145791101137157, 0.6738529956150133)
mb_size:128,h_dim_shared:300,h_dim_CS:100,num_layers_shared:3,num_layers_CS:5,active_fn:elu,beta:5.0,,(0.6398784816728206, 0.576731942768804)
mb_size:64,h_dim_shared:50,h_dim_CS:300,num_layers_shared:1,num_layers_CS:2,active_fn:elu,beta:0.5,,(0.6464601648740618, 0.5425809622613165)
mb_size:64,h_dim_shared:300,h_dim_CS:300,num_layers_shared:5,num_layers_CS:1,active_fn:relu,beta:1.0,,(0.6417688194769334, 0.5536598886085018)
mb_size:32,h_dim_shared:50,h_dim_CS:300,num_layers_shared:3,num_layers_CS:1,active_fn:tanh,beta:3.0,,(0.6290366279499335, 0.6249825985541184)
mb_size:32,h_dim_shared:100,h_dim_CS:100,num_layers_shared:5,num_layers_CS:5,active_fn:relu,beta:5.0,,(0.6461857083797681, 0.6227560223350452)
mb_size:64,h_dim_shared:300,h_dim_CS:200,num_layers_shared:1,num_layers_CS:1,active_fn:tanh,beta:3.0,,(0.6111947460549187, 0.6617644491698322)
mb_size:128,h_dim_shared:50,h_dim_CS:100,num_layers_shared:3,num_layers_CS:2,active_fn:elu,beta:3.0,,(0.580235400941029, 0.6714633347199691)
mb_size:32,h_dim_shared:200,h_dim_CS:100,num_layers_shared:3,num_layers_CS:5,active_fn:relu,beta:1.0,,(0.6554198953520483, 0.6232335398537142)
mb_size:128,h_dim_shared:100,h_dim_CS:100,num_layers_shared:1,num_layers_CS:3,active_fn:elu,beta:1.0,,(0.616763405843701, 0.6438295466969634)
mb_size:64,h_dim_shared:100,h_dim_CS:200,num_layers_shared:5,num_layers_CS:1,active_fn:tanh,beta:0.5,,(0.6274746627012643, 0.5861219704031918)
mb_size:32,h_dim_shared:300,h_dim_CS:200,num_layers_shared:1,num_layers_CS:1,active_fn:elu,beta:1.0,,(0.6404910921104412, 0.5393566129849332)
mb_size:32,h_dim_shared:200,h_dim_CS:100,num_layers_shared:3,num_layers_CS:1,active_fn:tanh,beta:3.0,,(0.6289907887981482, 0.6786773975091026)
mb_size:32,h_dim_shared:50,h_dim_CS:50,num_layers_shared:5,num_layers_CS:2,active_fn:elu,beta:0.5,,(0.6235611442115645, 0.5449499485048425)
mb_size:128,h_dim_shared:300,h_dim_CS:300,num_layers_shared:3,num_layers_CS:2,active_fn:elu,beta:3.0,,(0.6219588792180653, 0.6500380023289796)
mb_size:32,h_dim_shared:100,h_dim_CS:200,num_layers_shared:3,num_layers_CS:2,active_fn:relu,beta:3.0,,(0.6480337487769865, 0.5927373118034374)
mb_size:32,h_dim_shared:50,h_dim_CS:100,num_layers_shared:3,num_layers_CS:1,active_fn:tanh,beta:0.1,,(0.6179222421371615, 0.5972759222128604)
mb_size:64,h_dim_shared:50,h_dim_CS:100,num_layers_shared:5,num_layers_CS:1,active_fn:relu,beta:0.1,,(0.6441393642465707, 0.5472174373747438)
mb_size:128,h_dim_shared:200,h_dim_CS:300,num_layers_shared:2,num_layers_CS:3,active_fn:tanh,beta:1.0,,(0.6030672029847747, 0.6297554079360465)
mb_size:32,h_dim_shared:300,h_dim_CS:100,num_layers_shared:1,num_layers_CS:3,active_fn:tanh,beta:3.0,,(0.64680168663059, 0.6681500807478449)
mb_size:64,h_dim_shared:100,h_dim_CS:100,num_layers_shared:3,num_layers_CS:1,active_fn:tanh,beta:3.0,,(0.6360493950544114, 0.6363305846058455)
mb_size:128,h_dim_shared:50,h_dim_CS:200,num_layers_shared:3,num_layers_CS:3,active_fn:relu,beta:5.0,,(0.6383612961129157, 0.614541515813023)
mb_size:128,h_dim_shared:100,h_dim_CS:300,num_layers_shared:3,num_layers_CS:5,active_fn:elu,beta:5.0,,(0.6194644933195755, 0.695343630906098)
mb_size:128,h_dim_shared:50,h_dim_CS:300,num_layers_shared:3,num_layers_CS:1,active_fn:relu,beta:5.0,,(0.6477646443454499, 0.5150608437070595)
mb_size:64,h_dim_shared:200,h_dim_CS:200,num_layers_shared:3,num_layers_CS:3,active_fn:relu,beta:0.5,,(0.6401289705041459, 0.5614304555974318)
mb_size:32,h_dim_shared:100,h_dim_CS:200,num_layers_shared:5,num_layers_CS:3,active_fn:tanh,beta:5.0,,(0.6454394400093271, 0.6720524397317893)
mb_size:128,h_dim_shared:50,h_dim_CS:50,num_layers_shared:1,num_layers_CS:2,active_fn:elu,beta:0.1,,(0.6049219743750595, 0.5222810295574463)
mb_size:64,h_dim_shared:50,h_dim_CS:50,num_layers_shared:1,num_layers_CS:3,active_fn:relu,beta:5.0,,(0.620900121359492, 0.61874602685278)
mb_size:32,h_dim_shared:100,h_dim_CS:300,num_layers_shared:1,num_layers_CS:5,active_fn:elu,beta:1.0,,(0.6300628407897384, 0.6178369458623973)
mb_size:128,h_dim_shared:50,h_dim_CS:100,num_layers_shared:3,num_layers_CS:1,active_fn:relu,beta:3.0,,(0.624001332613642, 0.5849116828922376)
mb_size:64,h_dim_shared:50,h_dim_CS:50,num_layers_shared:3,num_layers_CS:2,active_fn:relu,beta:0.5,,(0.6392619255718793, 0.5397193423323281)
mb_size:128,h_dim_shared:300,h_dim_CS:50,num_layers_shared:1,num_layers_CS:1,active_fn:relu,beta:0.5,,(0.6179786535570805, 0.5220387019257683)
mb_size:128,h_dim_shared:100,h_dim_CS:300,num_layers_shared:2,num_layers_CS:3,active_fn:elu,beta:1.0,,(0.6091202991159919, 0.6161498263754006)
mb_size:128,h_dim_shared:300,h_dim_CS:50,num_layers_shared:3,num_layers_CS:1,active_fn:tanh,beta:5.0,,(0.6175736791366125, 0.6669976565912644)
mb_size:128,h_dim_shared:300,h_dim_CS:50,num_layers_shared:2,num_layers_CS:1,active_fn:relu,beta:3.0,,(0.6086101618071446, 0.5760024339453141)
mb_size:128,h_dim_shared:50,h_dim_CS:100,num_layers_shared:1,num_layers_CS:1,active_fn:elu,beta:1.0,,(0.6266944629495262, 0.5291777106111968)
mb_size:64,h_dim_shared:100,h_dim_CS:50,num_layers_shared:2,num_layers_CS:2,active_fn:elu,beta:3.0,,(0.6206749496253837, 0.6311103117049351)
mb_size:32,h_dim_shared:100,h_dim_CS:100,num_layers_shared:3,num_layers_CS:2,active_fn:elu,beta:0.5,,(0.6333896367385047, 0.5453001358559446)
mb_size:64,h_dim_shared:100,h_dim_CS:100,num_layers_shared:3,num_layers_CS:3,active_fn:relu,beta:0.1,,(0.6502925253432181, 0.5391064669637856)
mb_size:128,h_dim_shared:200,h_dim_CS:50,num_layers_shared:5,num_layers_CS:1,active_fn:relu,beta:1.0,,(0.6344664270288476, 0.6036938646634223)
mb_size:128,h_dim_shared:50,h_dim_CS:200,num_layers_shared:5,num_layers_CS:3,active_fn:elu,beta:5.0,,(0.608072258355602, 0.6808977063734386)
mb_size:64,h_dim_shared:300,h_dim_CS:100,num_layers_shared:5,num_layers_CS:5,active_fn:relu,beta:0.5,,(0.6536240513540892, 0.5804293668864293)
mb_size:32,h_dim_shared:300,h_dim_CS:300,num_layers_shared:1,num_layers_CS:3,active_fn:tanh,beta:5.0,,(0.625433306676372, 0.6654471612065744)
mb_size:128,h_dim_shared:50,h_dim_CS:200,num_layers_shared:2,num_layers_CS:3,active_fn:relu,beta:3.0,,(0.6585736498998709, 0.5970331034954712)
mb_size:64,h_dim_shared:50,h_dim_CS:300,num_layers_shared:1,num_layers_CS:5,active_fn:relu,beta:5.0,,(0.630222157301927, 0.6154083108018137)
mb_size:128,h_dim_shared:50,h_dim_CS:300,num_layers_shared:2,num_layers_CS:5,active_fn:relu,beta:0.5,,(0.6455016590827589, 0.5812234444170952)
mb_size:128,h_dim_shared:300,h_dim_CS:200,num_layers_shared:3,num_layers_CS:3,active_fn:elu,beta:3.0,,(0.6002259397074662, 0.6831893828558805)
mb_size:32,h_dim_shared:100,h_dim_CS:200,num_layers_shared:2,num_layers_CS:1,active_fn:elu,beta:3.0,,(0.6072506709591873, 0.5887305272312258)
mb_size:64,h_dim_shared:200,h_dim_CS:50,num_layers_shared:3,num_layers_CS:5,active_fn:elu,beta:0.5,,(0.6110415822305926, 0.6183950408210624)
mb_size:64,h_dim_shared:200,h_dim_CS:50,num_layers_shared:2,num_layers_CS:5,active_fn:elu,beta:0.1,,(0.6301787500723107, 0.5389005413420737)
mb_size:128,h_dim_shared:100,h_dim_CS:100,num_layers_shared:5,num_layers_CS:3,active_fn:elu,beta:1.0,,(0.6164423996007024, 0.605082685962472)
mb_size:128,h_dim_shared:50,h_dim_CS:300,num_layers_shared:2,num_layers_CS:1,active_fn:tanh,beta:0.5,,(0.631884330895505, 0.540087882353125)
mb_size:32,h_dim_shared:300,h_dim_CS:100,num_layers_shared:3,num_layers_CS:5,active_fn:relu,beta:0.5,,(0.6637627443515812, 0.5825451740899259)
mb_size:32,h_dim_shared:100,h_dim_CS:50,num_layers_shared:1,num_layers_CS:2,active_fn:tanh,beta:1.0,,(0.6363015115535843, 0.5944061271351795)
mb_size:32,h_dim_shared:50,h_dim_CS:100,num_layers_shared:2,num_layers_CS:2,active_fn:elu,beta:0.1,,(0.6379484906262374, 0.5334917998557304)
mb_size:128,h_dim_shared:200,h_dim_CS:50,num_layers_shared:2,num_layers_CS:1,active_fn:tanh,beta:0.1,,(0.6216375860154342, 0.531737756185909)
mb_size:32,h_dim_shared:200,h_dim_CS:50,num_layers_shared:3,num_layers_CS:2,active_fn:relu,beta:0.1,,(0.6652510963308239, 0.5412994339777567)
mb_size:128,h_dim_shared:300,h_dim_CS:50,num_layers_shared:1,num_layers_CS:3,active_fn:elu,beta:3.0,,(0.5644484887312794, 0.6461477190632903)
mb_size:64,h_dim_shared:50,h_dim_CS:50,num_layers_shared:1,num_layers_CS:3,active_fn:elu,beta:1.0,,(0.6072929059009433, 0.6360602254014657)
mb_size:128,h_dim_shared:200,h_dim_CS:300,num_layers_shared:3,num_layers_CS:2,active_fn:relu,beta:5.0,,(0.6245574420610226, 0.5923494811146511)
mb_size:64,h_dim_shared:300,h_dim_CS:100,num_layers_shared:1,num_layers_CS:2,active_fn:tanh,beta:1.0,,(0.6334499672046563, 0.6559967579743062)
mb_size:32,h_dim_shared:200,h_dim_CS:200,num_layers_shared:5,num_layers_CS:5,active_fn:elu,beta:3.0,,(0.62537958825478, 0.6922953542769421)
mb_size:32,h_dim_shared:50,h_dim_CS:100,num_layers_shared:2,num_layers_CS:5,active_fn:elu,beta:0.5,,(0.6310496336675849, 0.5695992463296607)
mb_size:64,h_dim_shared:100,h_dim_CS:100,num_layers_shared:5,num_layers_CS:5,active_fn:tanh,beta:1.0,,(0.6360296916813737, 0.6606215826328434)
mb_size:64,h_dim_shared:300,h_dim_CS:50,num_layers_shared:5,num_layers_CS:2,active_fn:relu,beta:3.0,,(0.6298422058003216, 0.6219445213774234)
mb_size:128,h_dim_shared:100,h_dim_CS:50,num_layers_shared:1,num_layers_CS:5,active_fn:tanh,beta:5.0,,(0.6408538209262115, 0.6734297034877289)
mb_size:128,h_dim_shared:100,h_dim_CS:100,num_layers_shared:5,num_layers_CS:3,active_fn:tanh,beta:5.0,,(0.6361175105571395, 0.6731075679757913)
mb_size:64,h_dim_shared:200,h_dim_CS:200,num_layers_shared:2,num_layers_CS:3,active_fn:elu,beta:0.1,,(0.6484121836581364, 0.5453720903391251)
mb_size:32,h_dim_shared:100,h_dim_CS:200,num_layers_shared:1,num_layers_CS:2,active_fn:tanh,beta:3.0,,(0.6304566638190613, 0.6754302714515943)
mb_size:32,h_dim_shared:200,h_dim_CS:100,num_layers_shared:2,num_layers_CS:2,active_fn:relu,beta:5.0,,(0.6289047289644424, 0.613116071113399)
mb_size:32,h_dim_shared:100,h_dim_CS:300,num_layers_shared:3,num_layers_CS:2,active_fn:relu,beta:3.0,,(0.624235981048264, 0.5633561861154577)
mb_size:64,h_dim_shared:100,h_dim_CS:50,num_layers_shared:3,num_layers_CS:3,active_fn:relu,beta:5.0,,(0.5988617190121484, 0.5199916966053486)
mb_size:32,h_dim_shared:100,h_dim_CS:50,num_layers_shared:3,num_layers_CS:5,active_fn:relu,beta:1.0,,(0.656099366914589, 0.5569159889172357)
mb_size:128,h_dim_shared:300,h_dim_CS:300,num_layers_shared:5,num_layers_CS:1,active_fn:tanh,beta:1.0,,(0.651127831198171, 0.5438874616046478)
mb_size:128,h_dim_shared:200,h_dim_CS:100,num_layers_shared:1,num_layers_CS:1,active_fn:relu,beta:1.0,,(0.6421149944634391, 0.5375435928863639)
mb_size:128,h_dim_shared:50,h_dim_CS:200,num_layers_shared:5,num_layers_CS:2,active_fn:relu,beta:5.0,,(0.6369826708971715, 0.5931558493031168)
mb_size:128,h_dim_shared:200,h_dim_CS:50,num_layers_shared:2,num_layers_CS:2,active_fn:relu,beta:0.5,,(0.632714554283364, 0.5619133301157945)
mb_size:128,h_dim_shared:200,h_dim_CS:100,num_layers_shared:3,num_layers_CS:5,active_fn:elu,beta:0.5,,(0.6318781236191963, 0.6260647780738722)
mb_size:64,h_dim_shared:100,h_dim_CS:50,num_layers_shared:3,num_layers_CS:5,active_fn:tanh,beta:1.0,,(0.6015043072064263, 0.6531911585747833)
mb_size:128,h_dim_shared:300,h_dim_CS:300,num_layers_shared:3,num_layers_CS:3,active_fn:tanh,beta:3.0,,(0.6111857350562062, 0.6429841815119026)
mb_size:128,h_dim_shared:300,h_dim_CS:100,num_layers_shared:3,num_layers_CS:3,active_fn:tanh,beta:0.1,,(0.610273699168521, 0.5653307728552645)
mb_size:128,h_dim_shared:100,h_dim_CS:50,num_layers_shared:1,num_layers_CS:3,active_fn:relu,beta:1.0,,(0.6478993623147173, 0.6111241831885582)
mb_size:32,h_dim_shared:300,h_dim_CS:200,num_layers_shared:1,num_layers_CS:1,active_fn:elu,beta:3.0,,(0.6226135430298152, 0.6602830848629323)
mb_size:128,h_dim_shared:50,h_dim_CS:50,num_layers_shared:3,num_layers_CS:2,active_fn:tanh,beta:0.5,,(0.5942269055762512, 0.5703899593716595)
mb_size:128,h_dim_shared:50,h_dim_CS:100,num_layers_shared:5,num_layers_CS:5,active_fn:elu,beta:3.0,,(0.6143596279186904, 0.639077244114215)
mb_size:128,h_dim_shared:200,h_dim_CS:300,num_layers_shared:2,num_layers_CS:5,active_fn:elu,beta:1.0,,(0.6427788957868424, 0.6534556640559044)
mb_size:32,h_dim_shared:300,h_dim_CS:100,num_layers_shared:1,num_layers_CS:3,active_fn:elu,beta:0.1,,(0.6321512330731961, 0.5267148310924821)
mb_size:128,h_dim_shared:300,h_dim_CS:100,num_layers_shared:1,num_layers_CS:5,active_fn:relu,beta:5.0,,(0.6400829853598105, 0.5107826041944397)
mb_size:32,h_dim_shared:50,h_dim_CS:100,num_layers_shared:3,num_layers_CS:1,active_fn:tanh,beta:3.0,,(0.6242207800794541, 0.661022875261797)
mb_size:128,h_dim_shared:100,h_dim_CS:100,num_layers_shared:3,num_layers_CS:2,active_fn:elu,beta:0.1,,(0.6201405126721573, 0.5434671460830769)
mb_size:64,h_dim_shared:50,h_dim_CS:200,num_layers_shared:5,num_layers_CS:5,active_fn:relu,beta:0.5,,(0.6430147382176927, 0.5798534319636414)
mb_size:64,h_dim_shared:300,h_dim_CS:300,num_layers_shared:3,num_layers_CS:5,active_fn:relu,beta:3.0,,(0.6224786592158683, 0.5911966736227504)
mb_size:32,h_dim_shared:50,h_dim_CS:50,num_layers_shared:3,num_layers_CS:2,active_fn:tanh,beta:1.0,,(0.633984013058133, 0.5732521897396411)
mb_size:32,h_dim_shared:50,h_dim_CS:300,num_layers_shared:5,num_layers_CS:2,active_fn:relu,beta:0.1,,(0.6595197503237293, 0.5461735314570731)
mb_size:64,h_dim_shared:100,h_dim_CS:200,num_layers_shared:1,num_layers_CS:2,active_fn:tanh,beta:0.1,,(0.6589605229965044, 0.5559184833868306)
mb_size:128,h_dim_shared:100,h_dim_CS:100,num_layers_shared:5,num_layers_CS:2,active_fn:tanh,beta:3.0,,(0.6237736442426988, 0.6666944949796869)
mb_size:64,h_dim_shared:100,h_dim_CS:50,num_layers_shared:2,num_layers_CS:2,active_fn:relu,beta:3.0,,(0.6310095357816737, 0.6196387201955554)
mb_size:32,h_dim_shared:100,h_dim_CS:50,num_layers_shared:2,num_layers_CS:5,active_fn:relu,beta:0.5,,(0.6339756945934609, 0.5387251643335107)
mb_size:128,h_dim_shared:200,h_dim_CS:300,num_layers_shared:2,num_layers_CS:5,active_fn:relu,beta:0.1,,(0.6428188586471817, 0.5702109461735749)
mb_size:64,h_dim_shared:100,h_dim_CS:50,num_layers_shared:3,num_layers_CS:1,active_fn:tanh,beta:1.0,,(0.6473637284748985, 0.600652150181624)
mb_size:64,h_dim_shared:50,h_dim_CS:100,num_layers_shared:2,num_layers_CS:2,active_fn:elu,beta:0.5,,(0.6073134772175132, 0.6082806835856611)
mb_size:128,h_dim_shared:200,h_dim_CS:300,num_layers_shared:5,num_layers_CS:2,active_fn:tanh,beta:0.1,,(0.6451302949663121, 0.5517587718647566)
mb_size:32,h_dim_shared:200,h_dim_CS:100,num_layers_shared:2,num_layers_CS:1,active_fn:relu,beta:0.5,,(0.6293363015751023, 0.5485313862427184)
mb_size:32,h_dim_shared:300,h_dim_CS:100,num_layers_shared:1,num_layers_CS:3,active_fn:elu,beta:3.0,,(0.624520427368761, 0.6612852361683722)
mb_size:128,h_dim_shared:300,h_dim_CS:100,num_layers_shared:3,num_layers_CS:2,active_fn:relu,beta:5.0,,(0.5979378266560479, 0.6471861160418283)
mb_size:32,h_dim_shared:100,h_dim_CS:100,num_layers_shared:1,num_layers_CS:2,active_fn:elu,beta:1.0,,(0.6309012493104044, 0.6046584868691619)
mb_size:32,h_dim_shared:200,h_dim_CS:200,num_layers_shared:3,num_layers_CS:2,active_fn:elu,beta:3.0,,(0.6180485105641098, 0.6213210683194498)
mb_size:128,h_dim_shared:50,h_dim_CS:100,num_layers_shared:1,num_layers_CS:5,active_fn:elu,beta:0.1,,(0.6410984213379357, 0.5606649624531065)
mb_size:32,h_dim_shared:300,h_dim_CS:200,num_layers_shared:1,num_layers_CS:3,active_fn:tanh,beta:0.1,,(0.6452218873564484, 0.556106025555953)
mb_size:32,h_dim_shared:50,h_dim_CS:200,num_layers_shared:5,num_layers_CS:5,active_fn:elu,beta:0.1,,(0.6465978164849855, 0.583900392162729)
mb_size:64,h_dim_shared:300,h_dim_CS:200,num_layers_shared:1,num_layers_CS:3,active_fn:tanh,beta:1.0,,(0.627605694965101, 0.6249486972511646)
mb_size:32,h_dim_shared:100,h_dim_CS:50,num_layers_shared:3,num_layers_CS:3,active_fn:tanh,beta:0.1,,(0.628859123843696, 0.51380383408206)
mb_size:128,h_dim_shared:200,h_dim_CS:200,num_layers_shared:5,num_layers_CS:3,active_fn:relu,beta:3.0,,(0.6265061746119059, 0.608876981872805)
mb_size:128,h_dim_shared:300,h_dim_CS:100,num_layers_shared:5,num_layers_CS:2,active_fn:elu,beta:0.5,,(0.6206498976438442, 0.5968572493804408)
mb_size:32,h_dim_shared:300,h_dim_CS:100,num_layers_shared:3,num_layers_CS:3,active_fn:elu,beta:0.1,,(0.6216043848896491, 0.5371233960553824)
mb_size:32,h_dim_shared:300,h_dim_CS:100,num_layers_shared:3,num_layers_CS:1,active_fn:elu,beta:5.0,,(0.6154978069548833, 0.6520325962977248)
mb_size:32,h_dim_shared:50,h_dim_CS:50,num_layers_shared:1,num_layers_CS:3,active_fn:tanh,beta:0.1,,(0.6325628500448452, 0.5070192193829516)
mb_size:32,h_dim_shared:50,h_dim_CS:100,num_layers_shared:3,num_layers_CS:3,active_fn:tanh,beta:5.0,,(0.631855220648012, 0.6301396538137346)
mb_size:32,h_dim_shared:300,h_dim_CS:200,num_layers_shared:2,num_layers_CS:5,active_fn:tanh,beta:1.0,,(0.6233278603738811, 0.5552714350919365)
mb_size:128,h_dim_shared:200,h_dim_CS:200,num_layers_shared:5,num_layers_CS:5,active_fn:tanh,beta:1.0,,(0.6078043780019372, 0.632898145344181)
mb_size:64,h_dim_shared:100,h_dim_CS:50,num_layers_shared:2,num_layers_CS:3,active_fn:elu,beta:0.1,,(0.6463088170532233, 0.5490013018084334)
mb_size:128,h_dim_shared:300,h_dim_CS:100,num_layers_shared:5,num_layers_CS:3,active_fn:tanh,beta:1.0,,(0.6010152318757476, 0.6516912038667342)
mb_size:128,h_dim_shared:50,h_dim_CS:50,num_layers_shared:3,num_layers_CS:1,active_fn:relu,beta:0.5,,(0.6414799263196036, 0.5269163052041833)
mb_size:64,h_dim_shared:100,h_dim_CS:200,num_layers_shared:5,num_layers_CS:5,active_fn:elu,beta:0.5,,(0.6273150619818906, 0.6438474992638991)
mb_size:64,h_dim_shared:200,h_dim_CS:300,num_layers_shared:1,num_layers_CS:3,active_fn:relu,beta:5.0,,(0.6402344847400097, 0.5939927062168245)
mb_size:128,h_dim_shared:100,h_dim_CS:100,num_layers_shared:3,num_layers_CS:3,active_fn:tanh,beta:0.5,,(0.59666763324763, 0.653297261219931)
mb_size:128,h_dim_shared:200,h_dim_CS:50,num_layers_shared:1,num_layers_CS:1,active_fn:tanh,beta:5.0,,(0.6171945416107745, 0.6573497328836978)
mb_size:128,h_dim_shared:100,h_dim_CS:50,num_layers_shared:5,num_layers_CS:5,active_fn:elu,beta:0.5,,(0.6192693747747915, 0.577406314958496)
mb_size:64,h_dim_shared:100,h_dim_CS:100,num_layers_shared:3,num_layers_CS:2,active_fn:tanh,beta:0.5,,(0.635395225843021, 0.6252204793592635)
mb_size:128,h_dim_shared:50,h_dim_CS:100,num_layers_shared:3,num_layers_CS:1,active_fn:relu,beta:1.0,,(0.6238474539613784, 0.5824596062601657)
mb_size:32,h_dim_shared:100,h_dim_CS:50,num_layers_shared:5,num_layers_CS:1,active_fn:tanh,beta:1.0,,(0.616915832752843, 0.525946304607944)
mb_size:32,h_dim_shared:100,h_dim_CS:100,num_layers_shared:2,num_layers_CS:1,active_fn:elu,beta:5.0,,(0.6154820187969939, 0.6713773599220795)
mb_size:64,h_dim_shared:300,h_dim_CS:300,num_layers_shared:3,num_layers_CS:2,active_fn:elu,beta:3.0,,(0.61972639620986, 0.6515189913142961)
mb_size:128,h_dim_shared:300,h_dim_CS:300,num_layers_shared:5,num_layers_CS:1,active_fn:tanh,beta:0.1,,(0.66111426794456, 0.5448226524512371)
mb_size:32,h_dim_shared:50,h_dim_CS:200,num_layers_shared:5,num_layers_CS:5,active_fn:tanh,beta:5.0,,(0.6432041414716272, 0.6644170167382523)
mb_size:64,h_dim_shared:200,h_dim_CS:100,num_layers_shared:5,num_layers_CS:2,active_fn:elu,beta:5.0,,(0.6387134203117907, 0.6094721967212462)
mb_size:32,h_dim_shared:100,h_dim_CS:200,num_layers_shared:1,num_layers_CS:3,active_fn:relu,beta:0.5,,(0.6557132026942262, 0.5507734438706104)
mb_size:64,h_dim_shared:300,h_dim_CS:300,num_layers_shared:5,num_layers_CS:3,active_fn:tanh,beta:5.0,,(0.6204811038277801, 0.665043502507607)
mb_size:128,h_dim_shared:50,h_dim_CS:200,num_layers_shared:3,num_layers_CS:1,active_fn:tanh,beta:0.1,,(0.6454630492924857, 0.551018083725575)
mb_size:128,h_dim_shared:50,h_dim_CS:200,num_layers_shared:5,num_layers_CS:1,active_fn:tanh,beta:3.0,,(0.6219391761738331, 0.6637036709314383)
